Date;Code CIP;Désignation;Famille;Quantité stock;Valeur stock
05/08/2026;9900000000001;PRODUIT_TEST_A;Ordonnance;8;400,00
05/08/2026;9900000000002;PRODUIT_TEST_B;Parapharmacie;10;550,00
05/08/2026;9900000000003;PRODUIT_TEST_C;Conseil;6;300,00
05/08/2026;9900000000004;PRODUIT_TEST_D;Ordonnance;9;500,00
05/08/2026;9900000000005;PRODUIT_TEST_E;Parapharmacie;7;350,00
05/08/2026;9900000000006;PRODUIT_TEST_F;Conseil;8;450,00
05/08/2026;9900000000007;PRODUIT_TEST_G;Ordonnance;5;250,00
05/08/2026;9900000000008;PRODUIT_TEST_H;Parapharmacie;11;600,00
05/08/2026;9900000000009;PRODUIT_TEST_I;Conseil;12;700,00
05/08/2026;9900000000010;PRODUIT_TEST_J;Parapharmacie;14;900,00
